,doi,auc,true_colour,true_panel
1,10_1007_s00259-025-07134-0,0.865,orange,a
2,10_1016_j_ijom_2025_03_003,0.95,orange,na
3,10_3390_jcm15010273,0.791,purple,a
4,10_1007_s00198-025-07423-2,0.666,green,a
5,10_1016_j_jocmr_2025_101982,0.778,green,b
6,10_3389_fcvm_2025_1613975,0.598,red,c
7,10_3389_fendo_2025_1490229,0.76,blue,a
8,10_1016_j_cllc_2025_10_006,0.996,orange,a
9,10_3389_fmed_2025_1529648,0.816,purple,d
10,10_1002_dad2_70229,0.78,green,b
11,10_1007_s00586-025-09533-1,0.808,red,b
12,10_1021_acs_jproteome_5c00626,0.871,black,a
13,10_1007_s11695-025-07994-3,0.96,red,b
14,10_1016_j_ultrasmedbio_2025_05_005,0.8,blue,c
15,10_1016_j_ejso_2025_109723,0.6,green,a
16,10_3389_fendo_2025_1593917,0.74,yellow,a
17,10_3389_fmed_2025_1615136,0.676,pink,a
18,10_1007_s00330-025-11640-y,0.73,blue,b
19,10_1097_brs_0000000000005595,0.857,green,a
20,10_1007_s10143-025-03194-w,0.75,blue,a
21,10_3389_fphar_2025_1576467,0.943,red,h
22,10_1245_s10434-025-18761-0,0.7,green,a
23,10_1186_s13550-025-01245-3,0.91,blue,17
24,10_1080_0886022x_2025_2529452,0.824,orange,a
25,10_1016_j_numecd_2025_103963,0.75,red,5
26,10_1016_j_cyto_2025_156975,0.799,blue,c
27,10_1016_j_cca_2025_120143,0.918,green,b
28,10_3389_fendo_2025_1687145,0.978,purple,d
29,10_1007_s43657-024-00179-5,0.811,red,a
30,10_1016_j_cjca_2025_02_032,0.777,dark pink,a
31,10_1016_j_ajp_2025_104738,0.62,blue,a
32,10_1111_eci_70052,0.82,red,a
33,10_1016_j_ejrad_2025_111958,0.795,teal,c
34,10_1016_j_compbiomed_2025_110666,0.8,green,a
35,10_1016_j_acra_2025_04_072,0.99,orange,b
36,10_1093_eurheartj_ehaf949,0.85,blue,c
37,10_1186_s13075-025-03478-y,0.75,green,a
38,10_3168_jds_2025-27130,0.66,black line,c
39,10_1007_s10143-025-03528-8,0.795,blue,c
40,10_1016_j_jbiomech_2025_113073,0.822,blue,b
41,10_1007_s13167-025-00412-9,0.74,green,b
42,10_1007_s00415-025-13361-0,0.804,xgboost,a
43,10_1097_js9_0000000000003070,0.817,blue,a
44,10_1007_s00404-025-07973-0,0.58,red,c
45,10_3389_fmed_2025_1637694,0.941,orange,a
46,10_1111_dom_16470,0.61,black,a2
47,10_3350_cmh_2024_0898,0.902,black,a
48,10_1016_j_injury_2025_112934,0.917,dark blue,b
49,10_1007_s13167-025-00417-4,0.81,blue,a
50,10_1002_ccd_31534,0.86,black,c
51,10_1016_j_spinee_2025_05_025,0.738,blue,a
52,10_1097_brs_0000000000005595_two,0.774,yellow,a
53,10_1007_s11547-025-01949-5,0.924,yellow,a
54,10_1016_j_ejvs_2025_04_002,0.687,red,a
55,10_1016_j_tjpad_2025_100077,0.86,green,a
56,10_1016_j_urolonc_2024_12_274,0.782,red,e
57,10_1111_nicc_13233,0.467,dark blue,a
58,10_1109_tmi_2024_3510836,0.6685,purple,b
59,10_1007_s00586-025-08760-w,0.774,blue,a
60,10_1016_j_ejvs_2025_04_002_two,0.621,vsgne,b
61,10_3389_fmed_2025_1606336,0.989,resnet50,a
62,10_3390_jcm14207150,0.783,green,a
63,10_1080_07853890_2025_2566869,0.89,RF,e
64,10_3389_fnut_2025_1574063,0.797,orange,b
65,10_1007_s40618-025-02616-2,0.783,black,a
66,10_1016_j_numecd_2025_103963_two,0.85,red,1
67,10_3389_fmed_2025_1561769,0.842,black,a
68,10_1016_j_ejrad_2025_112199,0.85,pink,a
69,10_1007_s00330-025-12117-8,0.7,green,c
70,10_1186_s13244-024-01874-7,0.961,dark blue dash,b
71,10_3389_fmed_2025_1660387,0.662,pasp,a
72,10_1007_s00330-025-11434-2,0.883,black,b
73,10_1186_s40644-025-00875-z,0.66,pink,f
74,10_1186_s13550-025-01293-9,0.8,green,d
75,10_3389_fmed_2025_1606336_two,0.991,alexnet,a
76,10_1016_j_sleep_2025_106559,0.939,blue,a
77,10_1080_07853890_2025_2575530,0.782,blue,f
78,10_1016_j_ejrad_2025_112118,0.81,red,b
79,10_1007_s11701-025-02966-2,0.913,yellow,c
80,10_3389_fmed_2025_1670759,0.89,red,a
81,10_1016_j_ijmedinf_2025_106018,0.87,blue,d
82,10_3174_ajnr_a8833,0.72,red,a
83,10_3389_fnagi_2025_1582687,0.759,red,a3
84,10_3389_fmolb_2025_1600626,0.816,red,d
85,10_1007_s00330-025-12117-8_two,0.89,red,c
86,10_3389_fmed_2025_1543665,0.86,red,c
87,10_3389_fendo_2025_1568665,0.779,superpc,c
88,10_1080_0886022x_2025_2525462,0.72,navy,a
89,10_1159_000543188,0.742,navy,a
90,10_1007_s10120-025-01614-w,0.765,orange,f
91,10_3350_cmh_2024_0898_two,0.927,black,a
92,10_2147_tcrm_s519646,0.757,red,a
93,10_1007_s10549-024-07589-z,0.873,red,a
94,10_1016_j_tjpad_2025_100216,0.95,black,a
95,10_3389_fnut_2025_1586606,0.884,green,b
96,10_1097_js9_0000000000001883,0.593,black,f
97,10_3390_cancers17081376,0.92,navy,4
98,10_2147_tcrm_s521755,0.794,blue,a
99,10_3389_fmed_2025_1624899,0.98,black,c
100,10_1111_eci_14379,0.75,blue,b
101,10_1177_21925682251366947,0.92,teal,a
102,10_3390_jcm14103281,0.639,green,a
103,10_1016_j_ajo_2025_07_026,0.81,teal,c2
104,10_1016_j_compbiomed_2025_110859,0.64,kknn,b
105,10_1186_s40644-025-00920-x,0.972,black,a
106,10_1016_j_sleep_2025_106559_two,0.83,green,a
107,10_1007_s00330-025-11448-w,0.886,green,a
108,10_3389_fmed_2025_1533132,0.937,GBM,a
109,10_3389_fphar_2025_1677891,0.9,blue,a
110,10_1097_hjh_0000000000004034,0.65,green,a
111,10_1007_s00467-025-07055-y,0.545,yellow,a
112,10_3389_fphar_2025_1540767,0.67,T,c
113,10_3389_fendo_2025_1551108,0.798,blue,c
114,10_1016_j_jtos_2025_08_002,0.863,purple,f
115,10_1016_j_ejrad_2025_111958_two,0.843,teal,b
116,10_1016_j_cca_2025_120246,0.912,red,I
117,10_1016_j_autrev_2025_103857,0.95,blue,a
118,10_1097_js9_0000000000002922,1,green,a
119,10_3389_fmed_2025_1596403,0.743,purple,b
120,10_3389_fphar_2025_1677891_two,0.96,orange,a
121,10_1007_s10461-025-04814-8,0.843,red,b
122,10_1016_j_intimp_2025_114935,0.9182,red,b
123,10_1007_s00701-025-06566-9,0.52,set II,a
124,10_3390_jcm14134542,0.784,orange,a
125,10_1080_07853890_2025_2528978,0.844,purple,d
126,10_1007_s10578-025-01932-1,0.69,green,c
127,10_1002_ccd_31498,0.854,TFR,a
128,10_3389_fmed_2025_1607734,0.904,pruple,a
129,10_1016_j_intimp_2025_114935_two,0.9786,orange,b
130,10_2147_clep_s566997,0.601,spec_es2,b
131,10_1016_j_numecd_2025_104065,0.74,green,b
132,10_3389_fcvm_2025_1688931,0.938,pruple,a
133,10_1007_s12072-025-10936-x,0.854,orange,a
134,10_1016_j_ejrad_2025_111989,0.926,green,a
135,10_2147_jaa_s512405,0.8272,pruple,a
136,10_1186_s13550-025-01293-9_two,0.84,red,c
137,10_2147_tcrm_s504745,0.853,mpl,b
138,10_2147_nss_s502204,0.805,red,a
139,10_1016_j_tox_2025_154064,0.8759,blue,b
140,10_3389_fendo_2025_1593068,0.927,pruple,b
141,10_1016_j_aucc_2025_101230,0.79,black,c
142,10_1007_s00535-025-02250-y,0.87,black,a
143,10_1016_j_exger_2025_112784,0.972,4th,a
144,10_1007_s12035-025-04931-4,0.896,red,d
145,10_1007_s10151-025-03139-x,0.874,green,a
146,10_1186_s13040-025-00459-4,0.9988,blue,a
147,10_3389_fmed_2025_1571406,0.889,purple,b
148,10_1007_s10120-025-01614-w_two,0.745,red,e
149,10_3389_fendo_2025_1585818,0.52,teal,a
150,10_1016_j_shaw_2025_01_003,0.73,purple,a
151,10_1016_j_tox_2025_154237,0.952,red,b
152,10_1186_s40644-025-00873-1,0.63,green,d
153,10_1097_ijg_0000000000002596,0.86,red,d
154,10_23736_s1973-9087_25_08784-2,0.56,blue,5
155,10_1186_s40644-025-00875-z_two,0.856,teal,d
156,10_1016_j_urolonc_2024_12_274_two,0.804,blue,c
157,10_1016_j_ijom_2025_03_003_two,0.91,orange,class II
158,10_1186_s12912-025-04157-8,0.742,blue,a
159,10_3389_fnut_2025_1589898,0.57,blue,a
160,10_3390_cancers18010152,0.849,pink,a
161,10_1007_s12035-025-04931-4_two,0.85,red,e
162,10_1016_j_ejso_2025_109718,0.742,light blue,a
163,10_1007_s00261-025-04873-4,0.924,blue,a
164,10_1016_j_dld_2025_06_025,0.95,orange,a
165,10_1007_s00784-025-06677-8,0.883,green,e bottom
166,10_3389_fcvm_2025_1602492,0.729,purple,c
167,10_3389_fmed_2025_1515940,0.553,green,a
168,10_3389_fnut_2025_1560655,0.66,orange,f
169,10_1007_s00259-025-07486-7,0.87,red,a
170,10_3389_fendo_2025_1655828,0.758,red,b
171,10_1016_j_ejrad_2025_112199_two,0.8,pink,b
172,10_3389_fendo_2025_1593917_two,0.71,navy,b
173,10_1177_21925682251366947_two,0.762,xgboost,a
174,10_1016_s2213-8587_25_00053-1,0.91,red,a
175,10_1007_s11547-025-01949-5_two,1,yellow,a
176,10_1097_js9_0000000000002101,0.891,yellow,c right
177,10_1016_j_clinph_2025_03_007,0.68,green,b
178,10_3390_jcm14186452,0.732,red,a
179,10_3389_fendo_2025_1695573,0.773,brown,a
180,10_1080_07853890_2025_2573150,0.804,blue,a
181,10_1007_s00784-025-06677-8_two,0.89,orange,e bottom
182,10_1002_ccs3_70047,0.998,blue,b
183,10_5114_wo_2025_151064,0.617,mlr,a
184,10_1007_s00330-025-11640-y_two,0.71,grey,a
185,10_1007_s40120-025-00716-y,0.9,red,c
186,10_1016_j_jhazmat_2025_138411,0.853,green,b
187,10_1007_s00062-025-01593-6,0.864,FA_CST_R,a
188,10_3389_fphar_2025_1576467_two,0.9,red,e
189,10_1002_hed_28172,0.703,red,a
190,10_3389_fmed_2025_1516207,0.651,yellow,a
191,10_1016_j_scitotenv_2025_180003,0.902,teal,d
192,10_3174_ajnr_a8432,0.93,red,a
193,10_1007_s00259-025-07603-6,0.829,green,c
194,10_1002_mp_17882,0.891,pink,c
195,10_2340_17453674_2025_44328,0.56,red,a
196,10_1080_13696998_2025_2494459,0.9078,blue,a
197,10_1186_s13244-025-02045-y,0.868,pink,c
198,10_1016_j_tox_2025_154237_two,0.905,brown,b
199,10_1007_s12072-025-10936-x_two,0.897,teal,a
200,10_1007_s11547-025-01949-5_three,0.92,blue,a
